<?xml version="1.0" encoding="UTF-8"?>
<root>
  <item name="com.yanzhenjie.recyclerview.swipe.OnSwipeMenuItemClickListener void onItemClick(com.yanzhenjie.recyclerview.swipe.Closeable, int, int, int) 3">
    <annotation name="android.support.annotation.IntDef">
      <val name="value" val="{com.yanzhenjie.recyclerview.swipe.SwipeMenuRecyclerView.LEFT_DIRECTION, com.yanzhenjie.recyclerview.swipe.SwipeMenuRecyclerView.RIGHT_DIRECTION}" />
    </annotation>
  </item>
  <item name="com.yanzhenjie.recyclerview.swipe.SwipeMenu int getOrientation()">
    <annotation name="android.support.annotation.IntDef">
      <val name="value" val="{com.yanzhenjie.recyclerview.swipe.SwipeMenu.HORIZONTAL, com.yanzhenjie.recyclerview.swipe.SwipeMenu.VERTICAL}" />
    </annotation>
  </item>
  <item name="com.yanzhenjie.recyclerview.swipe.SwipeMenu void setOrientation(int) 0">
    <annotation name="android.support.annotation.IntDef">
      <val name="value" val="{com.yanzhenjie.recyclerview.swipe.SwipeMenu.HORIZONTAL, com.yanzhenjie.recyclerview.swipe.SwipeMenu.VERTICAL}" />
    </annotation>
  </item>
  <item name="com.yanzhenjie.recyclerview.swipe.SwipeMenu.OrientationMode">
    <annotation name="android.support.annotation.IntDef">
      <val name="value" val="{com.yanzhenjie.recyclerview.swipe.SwipeMenu.HORIZONTAL, com.yanzhenjie.recyclerview.swipe.SwipeMenu.VERTICAL}" />
    </annotation>
  </item>
  <item name="com.yanzhenjie.recyclerview.swipe.SwipeMenuRecyclerView void smoothOpenMenu(int, int, int) 1">
    <annotation name="android.support.annotation.IntDef">
      <val name="value" val="{com.yanzhenjie.recyclerview.swipe.SwipeMenuRecyclerView.LEFT_DIRECTION, com.yanzhenjie.recyclerview.swipe.SwipeMenuRecyclerView.RIGHT_DIRECTION}" />
    </annotation>
  </item>
  <item name="com.yanzhenjie.recyclerview.swipe.SwipeMenuRecyclerView.DirectionMode">
    <annotation name="android.support.annotation.IntDef">
      <val name="value" val="{com.yanzhenjie.recyclerview.swipe.SwipeMenuRecyclerView.LEFT_DIRECTION, com.yanzhenjie.recyclerview.swipe.SwipeMenuRecyclerView.RIGHT_DIRECTION}" />
    </annotation>
  </item>
</root>

